{
  "config": {
    "n_samples": 100000,
    "learning_rate": 0.2,
    "max_depth": 6,
    "n_stages": 250,
    "reg_lambda": 0.0001,
    "loss": "logloss",
    "threads": 20,
    "seed": 123,
    "alpha": 0.3,
    "train_time_cutoff": 0.4,
    "uplift_bins": 20,
    "auc_bins": 20,
    "uplift_min_count": 25,
    "auc_min_count": 50,
    "uplift_feature_indices": [
      0,
      1
    ],
    "auc_bin_edges": [
      0.0,
      0.1,
      0.2,
      0.30000000000000004,
      0.4,
      0.5,
      0.6000000000000001,
      0.7000000000000001,
      0.8,
      0.9,
      1.0
    ],
    "evaluation_scope": "dataset"
  },
  "dataset_summary": {
    "n_samples": 100000,
    "n_features": 17,
    "n_extra_features": 2,
    "target_mean": 0.29703,
    "time_min": 1.6087319714253034e-05,
    "time_max": 0.9999961125201037,
    "train_samples": 39907,
    "test_samples": 60093,
    "evaluation_scope": "dataset"
  },
  "results": {
    "overall_auc": 0.656882139396507,
    "time_slice_auc": [
      [
        [
          0.0,
          0.1
        ],
        0.9201393528252202
      ],
      [
        [
          0.1,
          0.2
        ],
        0.8560008887268152
      ],
      [
        [
          0.2,
          0.30000000000000004
        ],
        0.8097315697624804
      ],
      [
        [
          0.30000000000000004,
          0.4
        ],
        0.7915765634839897
      ],
      [
        [
          0.4,
          0.5
        ],
        0.554205898885301
      ],
      [
        [
          0.5,
          0.6000000000000001
        ],
        0.5104692246101445
      ],
      [
        [
          0.6000000000000001,
          0.7000000000000001
        ],
        0.5365213533353312
      ],
      [
        [
          0.7000000000000001,
          0.8
        ],
        0.5622691466943154
      ],
      [
        [
          0.8,
          0.9
        ],
        0.5936192770955191
      ],
      [
        [
          0.9,
          1.0
        ],
        0.6333225367591404
      ]
    ],
    "uplift_feature_0": [
      [
        [
          1.6087319714253034e-05,
          0.050015088579733726
        ],
        -0.24234191028403904
      ],
      [
        [
          0.050015088579733726,
          0.1000140898397532
        ],
        -0.19800223578876336
      ],
      [
        [
          0.1000140898397532,
          0.15001309109977268
        ],
        -0.18306701633552047
      ],
      [
        [
          0.15001309109977268,
          0.20001209235979214
        ],
        -0.14290200253055918
      ],
      [
        [
          0.20001209235979214,
          0.2500110936198116
        ],
        -0.14044458084218026
      ],
      [
        [
          0.2500110936198116,
          0.3000100948798311
        ],
        -0.09918820402940956
      ],
      [
        [
          0.3000100948798311,
          0.35000909613985054
        ],
        -0.09871650138075969
      ],
      [
        [
          0.35000909613985054,
          0.40000809739987003
        ],
        -0.09769573659800901
      ],
      [
        [
          0.40000809739987003,
          0.4500070986598895
        ],
        -0.06818216585527201
      ],
      [
        [
          0.4500070986598895,
          0.500006099919909
        ],
        -0.04899132719820923
      ],
      [
        [
          0.500006099919909,
          0.5500051011799284
        ],
        -0.04174071022685899
      ],
      [
        [
          0.5500051011799284,
          0.600004102439948
        ],
        -0.0014122933718503927
      ],
      [
        [
          0.600004102439948,
          0.6500031036999674
        ],
        -0.02510067415358702
      ],
      [
        [
          0.6500031036999674,
          0.7000021049599868
        ],
        0.014174563720159516
      ],
      [
        [
          0.7000021049599868,
          0.7500011062200064
        ],
        0.007178976644227397
      ],
      [
        [
          0.7500011062200064,
          0.8000001074800258
        ],
        0.03628294006430455
      ],
      [
        [
          0.8000001074800258,
          0.8499991087400453
        ],
        0.07035496577980238
      ],
      [
        [
          0.8499991087400453,
          0.8999981100000648
        ],
        0.0566928263729779
      ],
      [
        [
          0.8999981100000648,
          0.9499971112600842
        ],
        0.07048225264444191
      ],
      [
        [
          0.9499971112600842,
          0.9999961125201037
        ],
        0.07963753619465314
      ]
    ],
    "uplift_feature_1": [
      [
        [
          1.6087319714253034e-05,
          0.050015088579733726
        ],
        0.09568749924035946
      ],
      [
        [
          0.050015088579733726,
          0.1000140898397532
        ],
        0.06236949599528008
      ],
      [
        [
          0.1000140898397532,
          0.15001309109977268
        ],
        0.05259722116257648
      ],
      [
        [
          0.15001309109977268,
          0.20001209235979214
        ],
        0.018573251350191944
      ],
      [
        [
          0.20001209235979214,
          0.2500110936198116
        ],
        0.029803518124498274
      ],
      [
        [
          0.2500110936198116,
          0.3000100948798311
        ],
        -0.02313464318070224
      ],
      [
        [
          0.3000100948798311,
          0.35000909613985054
        ],
        -0.0034930513471739255
      ],
      [
        [
          0.35000909613985054,
          0.40000809739987003
        ],
        -0.023175762683662615
      ],
      [
        [
          0.40000809739987003,
          0.4500070986598895
        ],
        -0.025352633773780664
      ],
      [
        [
          0.4500070986598895,
          0.500006099919909
        ],
        -0.02402656926769875
      ],
      [
        [
          0.500006099919909,
          0.5500051011799284
        ],
        -0.011244823622178934
      ],
      [
        [
          0.5500051011799284,
          0.600004102439948
        ],
        -0.031130097911746757
      ],
      [
        [
          0.600004102439948,
          0.6500031036999674
        ],
        -0.0519271277728022
      ],
      [
        [
          0.6500031036999674,
          0.7000021049599868
        ],
        -0.07842726621671475
      ],
      [
        [
          0.7000021049599868,
          0.7500011062200064
        ],
        -0.10715115996550217
      ],
      [
        [
          0.7500011062200064,
          0.8000001074800258
        ],
        -0.10789656475061232
      ],
      [
        [
          0.8000001074800258,
          0.8499991087400453
        ],
        -0.15458168608847944
      ],
      [
        [
          0.8499991087400453,
          0.8999981100000648
        ],
        -0.15277151067518469
      ],
      [
        [
          0.8999981100000648,
          0.9499971112600842
        ],
        -0.16297786720321933
      ],
      [
        [
          0.9499971112600842,
          0.9999961125201037
        ],
        -0.1991965757641965
      ]
    ]
  }
}